PatchId,FileName,FullPath,CompletedDate
1,2021.12.03_1_PriceInstrument_ADD_COLUMN_OriginLocationId.sql,C:\workspace\gravitate\Gravitate.Growmark\SQL\UpgradeScripts\V5_9\2021.12.03_1_PriceInstrument_ADD_COLUMN_OriginLocationId.sql,2022-05-23 13:29:54.530
2,2021.12.03_2_PriceInstrument_ReBuild_IX_PriceInstrument_FKs.sql,C:\workspace\gravitate\Gravitate.Growmark\SQL\UpgradeScripts\V5_9\2021.12.03_2_PriceInstrument_ReBuild_IX_PriceInstrument_FKs.sql,2022-05-23 13:29:55.260
3,2021.12.06_CalculatedValueVariable_ADD_COLUMN_AllowMultiOrigin.sql,C:\workspace\gravitate\Gravitate.Growmark\SQL\UpgradeScripts\V5_9\2021.12.06_CalculatedValueVariable_ADD_COLUMN_AllowMultiOrigin.sql,2022-05-23 13:29:56.033
4,2021.12.06_CalculatedValueVariable_ADD_COLUMN_CalculatedValueCounterPartyMatchTypeCvId.sql,C:\workspace\gravitate\Gravitate.Growmark\SQL\UpgradeScripts\V5_9\2021.12.06_CalculatedValueVariable_ADD_COLUMN_CalculatedValueCounterPartyMatchTypeCvId.sql,2022-05-23 13:29:56.920
5,2021.12.20_QuoteConfigurationMapping_ADD_COLUMN_AlternateValuationProduct.sql,C:\workspace\gravitate\Gravitate.Growmark\SQL\UpgradeScripts\V5_9\2021.12.20_QuoteConfigurationMapping_ADD_COLUMN_AlternateValuationProduct.sql,2022-05-23 13:29:57.703
6,2021.12.20_QuoteConfigurationMapping_ADD_COLUMN_PricePeriodStartOffset.sql,C:\workspace\gravitate\Gravitate.Growmark\SQL\UpgradeScripts\V5_9\2021.12.20_QuoteConfigurationMapping_ADD_COLUMN_PricePeriodStartOffset.sql,2022-05-23 13:29:58.343
7,2022.01.05_QuoteConfiguration_And_Mapping_ADD_COLUMN_CalendarId.sql,C:\workspace\gravitate\Gravitate.Growmark\SQL\UpgradeScripts\V5_9\2022.01.05_QuoteConfiguration_And_Mapping_ADD_COLUMN_CalendarId.sql,2022-05-23 13:29:59.053
8,2022.01.11_DTNPriceFileImportLineItem_MODIFY_COLUMNS_ReferenceDataIds_SetType_NVarchar_75.sql,C:\workspace\gravitate\Gravitate.Growmark\SQL\UpgradeScripts\V5_9\2022.01.11_DTNPriceFileImportLineItem_MODIFY_COLUMNS_ReferenceDataIds_SetType_NVarchar_75.sql,2022-05-23 13:30:01.937
9,2022.01.11_DTNPriceFileImportLineItem_MODIFY_COLUMN_TransmissionId_AllowNulls.sql,C:\workspace\gravitate\Gravitate.Growmark\SQL\UpgradeScripts\V5_9\2022.01.11_DTNPriceFileImportLineItem_MODIFY_COLUMN_TransmissionId_AllowNulls.sql,2022-05-23 13:30:02.820
10,2022.02.02_vMostRecentPriceForTranslation.sql,C:\workspace\gravitate\Gravitate.Growmark\SQL\UpgradeScripts\V5_9\2022.02.02_vMostRecentPriceForTranslation.sql,2022-05-23 13:30:03.880
11,2022.02.24_DeliveryPeriodConfiguration.sql,C:\workspace\gravitate\Gravitate.Growmark\SQL\UpgradeScripts\V5_9\2022.02.24_DeliveryPeriodConfiguration.sql,2022-05-23 13:30:04.610
12,2022_02_01_Migrate_SourceIdentifiers_Product_Location_Counterparty.sql,C:\workspace\gravitate\Gravitate.Growmark\SQL\UpgradeScripts\V6_0\2022_02_01_Migrate_SourceIdentifiers_Product_Location_Counterparty.sql,2022-05-23 13:30:09.773
13,2022_02_03_Migrate_MarketPlatformProductConfiguration.sql,C:\workspace\gravitate\Gravitate.Growmark\SQL\UpgradeScripts\V6_0\2022_02_03_Migrate_MarketPlatformProductConfiguration.sql,2022-05-23 13:30:10.617
14,2022_03_08_ALTER_MarketPlatformProductConfig_Add_NotSoldSeparately.sql,C:\workspace\gravitate\Gravitate.Growmark\SQL\UpgradeScripts\V6_0\2022_03_08_ALTER_MarketPlatformProductConfig_Add_NotSoldSeparately.sql,2022-05-23 13:30:11.250
15,2022_03_14_MIGRATION_MarketPlatformInstrument.sql,C:\workspace\gravitate\Gravitate.Growmark\SQL\UpgradeScripts\V6_0\2022_03_14_MIGRATION_MarketPlatformInstrument.sql,2022-05-23 13:30:12.573
16,2022_03_17_ALTER_TradeEntryPrice_Add_FuturesMonth.sql,C:\workspace\gravitate\Gravitate.Growmark\SQL\UpgradeScripts\V6_0\2022_03_17_ALTER_TradeEntryPrice_Add_FuturesMonth.sql,2022-05-23 13:30:13.273
17,2022_03_23_ALTER_TradeEntry_Add_IsPendingPricing_PricedDateTime.sql,C:\workspace\gravitate\Gravitate.Growmark\SQL\UpgradeScripts\V6_0\2022_03_23_ALTER_TradeEntry_Add_IsPendingPricing_PricedDateTime.sql,2022-05-23 13:30:14.120
18,2022_03_29_ALTER_TradeEntry_IsPendingPricing_NotNullable.sql,C:\workspace\gravitate\Gravitate.Growmark\SQL\UpgradeScripts\V6_0\2022_03_29_ALTER_TradeEntry_IsPendingPricing_NotNullable.sql,2022-05-23 13:30:14.807
19,2022_03_31_CREATE_MarketPlatformCounterPartyConfiguration.sql,C:\workspace\gravitate\Gravitate.Growmark\SQL\UpgradeScripts\V6_0\2022_03_31_CREATE_MarketPlatformCounterPartyConfiguration.sql,2022-05-23 13:30:15.447
20,2022_04_04_CREATE_TABLE_AllocationDataImportLineItem.sql,C:\workspace\gravitate\Gravitate.Growmark\SQL\UpgradeScripts\V6_0\2022_04_04_CREATE_TABLE_AllocationDataImportLineItem.sql,2022-05-23 13:30:16.817
21,2022_04_04_CREATE_TABLE_Allocation_AllocationProduct_AllocationVolume.sql,C:\workspace\gravitate\Gravitate.Growmark\SQL\UpgradeScripts\V6_0\2022_04_04_CREATE_TABLE_Allocation_AllocationProduct_AllocationVolume.sql,2022-05-23 13:30:17.660
22,2022_04_04_sd_DataTranslationDefinition_DtnFlatFileAllocationImport.sql,C:\workspace\gravitate\Gravitate.Growmark\SQL\UpgradeScripts\V6_0\2022_04_04_sd_DataTranslationDefinition_DtnFlatFileAllocationImport.sql,2022-05-23 13:30:18.210
23,2022_04_05_CREATE_AvailableVolumeTables.sql,C:\workspace\gravitate\Gravitate.Growmark\SQL\UpgradeScripts\V6_0\2022_04_05_CREATE_AvailableVolumeTables.sql,2022-05-23 13:30:19.163
24,2022_04_05_MIGRATION_AvailableVolume.sql,C:\workspace\gravitate\Gravitate.Growmark\SQL\UpgradeScripts\V6_0\2022_04_05_MIGRATION_AvailableVolume.sql,2022-05-23 13:30:20.010
25,2022_04_07_ALTER_MarketPlatformInstrument_Add_LocationAssociationTypeCvId.sql,C:\workspace\gravitate\Gravitate.Growmark\SQL\UpgradeScripts\V6_0\2022_04_07_ALTER_MarketPlatformInstrument_Add_LocationAssociationTypeCvId.sql,2022-05-23 13:30:20.670
26,2022_04_07_ALTER_TradeEntrySetupProperty_Drop_Quantity.sql,C:\workspace\gravitate\Gravitate.Growmark\SQL\UpgradeScripts\V6_0\2022_04_07_ALTER_TradeEntrySetupProperty_Drop_Quantity.sql,2022-05-23 13:30:21.283
27,2022_04_07_MIGRATION_SYNC_MissingAvailableVolumes.sql,C:\workspace\gravitate\Gravitate.Growmark\SQL\UpgradeScripts\V6_0\2022_04_07_MIGRATION_SYNC_MissingAvailableVolumes.sql,2022-05-23 13:30:21.883
28,2022_04_08 _ALTER_AllocationDataImportLineItem_ADD_COLUMS_FileImportId_ImportedDateTime.sql,C:\workspace\gravitate\Gravitate.Growmark\SQL\UpgradeScripts\V6_0\2022_04_08 _ALTER_AllocationDataImportLineItem_ADD_COLUMS_FileImportId_ImportedDateTime.sql,2022-05-23 13:30:22.757
29,2022_04_11 _ALTER_AllocationDataImportLineItem_ADD_COLUMS_SupplierName.sql,C:\workspace\gravitate\Gravitate.Growmark\SQL\UpgradeScripts\V6_0\2022_04_11 _ALTER_AllocationDataImportLineItem_ADD_COLUMS_SupplierName.sql,2022-05-23 13:30:23.387
30,2022_04_11_1_MarketPlatformInstrument_ADD_COLUMN_CalendarId_.sql,C:\workspace\gravitate\Gravitate.Growmark\SQL\UpgradeScripts\V6_0\2022_04_11_1_MarketPlatformInstrument_ADD_COLUMN_CalendarId_.sql,2022-05-23 13:30:24.153
31,2022_04_11_2_Calendar_Migration_AddMarketPlatformCalendars.sql,C:\workspace\gravitate\Gravitate.Growmark\SQL\UpgradeScripts\V6_0\2022_04_11_2_Calendar_Migration_AddMarketPlatformCalendars.sql,2022-05-23 13:30:24.920
32,2022_04_12 _ALTER_Allocation_ADD_COLUMS_AllocationProduct.sql,C:\workspace\gravitate\Gravitate.Growmark\SQL\UpgradeScripts\V6_0\2022_04_12 _ALTER_Allocation_ADD_COLUMS_AllocationProduct.sql,2022-05-23 13:30:25.550
33,2022_04_13 _ALTER_AvailableVolume_ADD_COLUMS_IsActive.sql,C:\workspace\gravitate\Gravitate.Growmark\SQL\UpgradeScripts\V6_0\2022_04_13 _ALTER_AvailableVolume_ADD_COLUMS_IsActive.sql,2022-05-23 13:30:26.377
34,2022_04_13 _ALTER_AvailableVolume_ADD_COLUMS_SourceAllocation.sql,C:\workspace\gravitate\Gravitate.Growmark\SQL\UpgradeScripts\V6_0\2022_04_13 _ALTER_AvailableVolume_ADD_COLUMS_SourceAllocation.sql,2022-05-23 13:30:27.223
35,2022_04_25 _MIGRATION_Market_Platform_Instrument_Price_Configurations.sql,C:\workspace\gravitate\Gravitate.Growmark\SQL\UpgradeScripts\V6_0\2022_04_25 _MIGRATION_Market_Platform_Instrument_Price_Configurations.sql,2022-05-23 13:30:28.333
36,2022_04_25_1_TASMarketPlatformInstruments.sql,C:\workspace\gravitate\Gravitate.Growmark\SQL\UpgradeScripts\V6_0\2022_04_25_1_TASMarketPlatformInstruments.sql,2022-05-23 13:30:28.877
37,2022_04_26_CREATE_MarketPlatformInstrumentRolesTable.sql,C:\workspace\gravitate\Gravitate.Growmark\SQL\UpgradeScripts\V6_0\2022_04_26_CREATE_MarketPlatformInstrumentRolesTable.sql,2022-05-23 13:30:29.617
38,2022_05_02_CREATE_PriceNotificationDistributionTables.sql,C:\workspace\gravitate\Gravitate.Growmark\SQL\UpgradeScripts\V6_0\2022_05_02_CREATE_PriceNotificationDistributionTables.sql,2022-05-23 13:30:30.157
39,2022_05_04_ALTER_PriceNotificationMessage_ADD_COLUMN_ValidForDistribution.sql,C:\workspace\gravitate\Gravitate.Growmark\SQL\UpgradeScripts\V6_0\2022_05_04_ALTER_PriceNotificationMessage_ADD_COLUMN_ValidForDistribution.sql,2022-05-23 13:30:30.910
40,2022_05_06_CREATE_PriceNotificationCounterPartyConfiguration.sql,C:\workspace\gravitate\Gravitate.Growmark\SQL\UpgradeScripts\V6_0\2022_05_06_CREATE_PriceNotificationCounterPartyConfiguration.sql,2022-05-23 13:30:31.460
41,2022_05_08__ADD_PriceNotificationDistributionType_CodeValue_CodeSet_Data.sql,C:\workspace\gravitate\Gravitate.Growmark\SQL\UpgradeScripts\V6_0\2022_05_08__ADD_PriceNotificationDistributionType_CodeValue_CodeSet_Data.sql,2022-05-23 13:30:34.020
42,2022_05_09_16_sd_SeedPriceNotificationDistributionMethods.sql,C:\workspace\gravitate\Gravitate.Growmark\SQL\UpgradeScripts\V6_0\2022_05_09_16_sd_SeedPriceNotificationDistributionMethods.sql,2022-05-23 13:30:34.567
43,2022_05_09_16_sd_SeedPriceNotificationDistributionMethods.sql.sql,C:\workspace\gravitate\Gravitate.Growmark\SQL\UpgradeScripts\V6_0\2022_05_09_16_sd_SeedPriceNotificationDistributionMethods.sql.sql,2022-05-23 13:30:35.117
44,2022_05_10_ALTER_PriceNotificationDistributionMapping_ADD_Created_Updated_Time.sql,C:\workspace\gravitate\Gravitate.Growmark\SQL\UpgradeScripts\V6_0\2022_05_10_ALTER_PriceNotificationDistributionMapping_ADD_Created_Updated_Time.sql,2022-05-23 13:30:35.907
45,2022_05_10_ALTER_DeliveryPeriodConfiguration_ADD_COLUMNS_InstrumentName_DeliveryPeriodFromDateTime_DeliveryPeriodToDateTime_DeliveryPeriodName_FutureMonth.sql,C:\workspace\gravitate\Gravitate.Growmark\SQL\UpgradeScripts\V6_0\2022_05_10_ALTER_DeliveryPeriodConfiguration_ADD_COLUMNS_InstrumentName_DeliveryPeriodFromDateTime_DeliveryPeriodToDateTime_DeliveryPeriodName_FutureMonth.sql,2022-06-15 14:47:17.140
46,2022_06_21_sd_CodeValue_CodeSet_Data.sql,C:\workspace\gravitate\Gravitate.Growmark\SQL\UpgradeScripts\V6_0\2022_06_21_sd_CodeValue_CodeSet_Data.sql,2022-06-21 12:01:11.037
47,2022_06_21_1_sd_Menu_Data.sql,C:\workspace\gravitate\Gravitate.Growmark\SQL\UpgradeScripts\V6_0\2022_06_21_1_sd_Menu_Data.sql,2022-06-21 12:38:04.113
48,2022_06_21_2_sd_SeedInitialDashboardWidgets.sql,C:\workspace\gravitate\Gravitate.Growmark\SQL\UpgradeScripts\V6_0\2022_06_21_2_sd_SeedInitialDashboardWidgets.sql,2022-06-21 12:38:05.553
49,2022_07_15_CUSTOM_DeleteTASMarketPlatformInstruments.sql,C:\workspace\Gravitate\Gravitate.Growmark\SQL\UpgradeScripts\V6_0\2022_07_15_CUSTOM_DeleteTASMarketPlatformInstruments.sql,2022-07-18 14:36:20.520
50,2022_07_15_CUSTOM_sd_CodeValue_CodeSet_Data.sql,C:\workspace\Gravitate\Gravitate.Growmark\SQL\UpgradeScripts\V6_0\2022_07_15_CUSTOM_sd_CodeValue_CodeSet_Data.sql,2022-07-18 14:36:22.453
51,2022_07_15_CUSTOM_sd_Menu_Data.sql,C:\workspace\Gravitate\Gravitate.Growmark\SQL\UpgradeScripts\V6_0\2022_07_15_CUSTOM_sd_Menu_Data.sql,2022-07-18 14:36:22.777
52,2022_07_15_CUSTOM_sd_SeedInitialDashboardWidgets.sql,C:\workspace\Gravitate\Gravitate.Growmark\SQL\UpgradeScripts\V6_0\2022_07_15_CUSTOM_sd_SeedInitialDashboardWidgets.sql,2022-07-18 14:36:23.110
53,2022_06_17_FixWidgetNames_Open_To_Pending.sql,C:\workspace\Gravitate\Gravitate.Growmark\SQL\UpgradeScripts\V6_0\2022_06_17_FixWidgetNames_Open_To_Pending.sql,2022-07-18 14:36:23.257
54,2022_06_21_CREATE_MarketPlatformPriceAdjustmentTables.sql,C:\workspace\Gravitate\Gravitate.Growmark\SQL\UpgradeScripts\V6_0\2022_06_21_CREATE_MarketPlatformPriceAdjustmentTables.sql,2022-07-18 14:36:23.437
55,2022_06_22_CREATE_TABLE_LoadingNumber.sql,C:\workspace\Gravitate\Gravitate.Growmark\SQL\UpgradeScripts\V6_0\2022_06_22_CREATE_TABLE_LoadingNumber.sql,2022-07-18 14:36:23.687
56,2022_06_30_ALTER_MarketPlatformInstrument_Add_ProductAssociationTypeCvId.sql,C:\workspace\Gravitate\Gravitate.Growmark\SQL\UpgradeScripts\V6_0\2022_06_30_ALTER_MarketPlatformInstrument_Add_ProductAssociationTypeCvId.sql,2022-07-18 14:36:23.843
57,2022_07_07_ALTER_MarketPlatformInstrument_ADD_COLUMN_OriginLocationAssociationTypeCvId.sql,C:\workspace\Gravitate\Gravitate.Growmark\SQL\UpgradeScripts\V6_0\2022_07_07_ALTER_MarketPlatformInstrument_ADD_COLUMN_OriginLocationAssociationTypeCvId.sql,2022-07-18 14:36:23.997
58,2022_07_07_ALTER_PriceConfiguration_ADD_COLUMN_FuturesPriceRequired.sql,C:\workspace\Gravitate\Gravitate.Growmark\SQL\UpgradeScripts\V6_0\2022_07_07_ALTER_PriceConfiguration_ADD_COLUMN_FuturesPriceRequired.sql,2022-07-18 14:36:24.143
59,2022_07_19_CUSTOM_sd_SeedInitialDashboardWidgets.sql,C:\workspace\Gravitate\Gravitate.Growmark\SQL\UpgradeScripts\V6_0\2022_07_19_CUSTOM_sd_SeedInitialDashboardWidgets.sql,2022-07-19 13:35:52.987
60,2022_07_13_ALTER_TradeEntry_ADD_ExternalProcessStatus_COLUMNS.sql,C:\workspace\Gravitate\Gravitate.Growmark\SQL\UpgradeScripts\V6_0\2022_07_13_ALTER_TradeEntry_ADD_ExternalProcessStatus_COLUMNS.sql,2022-07-19 13:35:53.143
61,2022_07_25_ALTER_TradeEntrySetupVolumeConstraints_ADD_MonthlyVolume_COLUMNS.sql,C:\workspace\gravitate\Gravitate.Growmark\SQL\UpgradeScripts\V6_0\2022_07_25_ALTER_TradeEntrySetupVolumeConstraints_ADD_MonthlyVolume_COLUMNS.sql,2022-08-16 13:32:04.147
62,2022_07_27_ALTER_MarketPlatformInstrument_ADD_COLUMN_AllowsPreferredCarriers.sql,C:\workspace\gravitate\Gravitate.Growmark\SQL\UpgradeScripts\V6_0\2022_07_27_ALTER_MarketPlatformInstrument_ADD_COLUMN_AllowsPreferredCarriers.sql,2022-08-16 13:32:04.903
63,2022_07_27_CREATE_TABLE_MarketPlatformLocationConfiguration.sql,C:\workspace\gravitate\Gravitate.Growmark\SQL\UpgradeScripts\V6_0\2022_07_27_CREATE_TABLE_MarketPlatformLocationConfiguration.sql,2022-08-16 13:32:05.660
64,2022_07_27_CREATE_TABLE_TradeEntryDetailCounterPartyAssociation.sql,C:\workspace\gravitate\Gravitate.Growmark\SQL\UpgradeScripts\V6_0\2022_07_27_CREATE_TABLE_TradeEntryDetailCounterPartyAssociation.sql,2022-08-16 13:32:06.287
65,2022_08_05_ALTER_CounterPartyCredit_ADD_COLUMNS_CreditWatchPercentage_CreditHoldPercentage_CreditStatusOverrideCvId.sql,C:\workspace\gravitate\Gravitate.Growmark\SQL\UpgradeScripts\V6_0\2022_08_05_ALTER_CounterPartyCredit_ADD_COLUMNS_CreditWatchPercentage_CreditHoldPercentage_CreditStatusOverrideCvId.sql,2022-08-16 13:32:06.897
66,2022_08_12_ALTER_CounterPartyCredit_ADD_COLUMN_IsActive.sql,C:\workspace\gravitate\Gravitate.Growmark\SQL\UpgradeScripts\V6_0\2022_08_12_ALTER_CounterPartyCredit_ADD_COLUMN_IsActive.sql,2022-08-16 13:32:07.503
67,2022_08_16_sd_CodeValue_CodeSet_Data.sql,C:\workspace\gravitate\Gravitate.Growmark\SQL\UpgradeScripts\V6_0\2022_08_16_sd_CodeValue_CodeSet_Data.sql,2022-08-16 13:32:10.930
68,2022_08_10_1_CREATE_MarketPlatformInstrumentSubtype.sql,C:\workspace\gravitate\Gravitate.Growmark\SQL\UpgradeScripts\V6_0\2022_08_10_1_CREATE_MarketPlatformInstrumentSubtype.sql,2022-09-07 13:57:14.657
69,2022_08_10_2_sd_CodeValue_CodeSet_Data.sql,C:\workspace\gravitate\Gravitate.Growmark\SQL\UpgradeScripts\V6_0\2022_08_10_2_sd_CodeValue_CodeSet_Data.sql,2022-09-07 13:57:15.553
70,2022_08_10_3_ValidateCodeSets_VolumeDistributionType_ContractPricingMethod.sql,C:\workspace\gravitate\Gravitate.Growmark\SQL\UpgradeScripts\V6_0\2022_08_10_3_ValidateCodeSets_VolumeDistributionType_ContractPricingMethod.sql,2022-09-07 13:57:15.783
71,2022_08_10_4_Seed_Forward_MarketPlatformInstrumentSubtypes.sql,C:\workspace\gravitate\Gravitate.Growmark\SQL\UpgradeScripts\V6_0\2022_08_10_4_Seed_Forward_MarketPlatformInstrumentSubtypes.sql,2022-09-07 13:57:15.987
72,2022_08_10_5_ALTER_TRADEENTRY_ADD_MarketPlatformInstrumentSubtypeId.sql,C:\workspace\gravitate\Gravitate.Growmark\SQL\UpgradeScripts\V6_0\2022_08_10_5_ALTER_TRADEENTRY_ADD_MarketPlatformInstrumentSubtypeId.sql,2022-09-07 13:57:16.187
73,2022_08_10_CREATE_TABLE_QuantityDistributionWeight.sql,C:\workspace\gravitate\Gravitate.Growmark\SQL\UpgradeScripts\V6_0\2022_08_10_CREATE_TABLE_QuantityDistributionWeight.sql,2022-09-07 13:57:16.370
74,2022_08_15_DROP_TradeEntrySetupProperty.sql,C:\workspace\gravitate\Gravitate.Growmark\SQL\UpgradeScripts\V6_0\2022_08_15_DROP_TradeEntrySetupProperty.sql,2022-09-07 13:57:16.507
75,2022_08_16_UPDATE_MenuIItem_HeatingDayMaintenance_Url.sql,C:\workspace\gravitate\Gravitate.Growmark\SQL\UpgradeScripts\V6_0\2022_08_16_UPDATE_MenuIItem_HeatingDayMaintenance_Url.sql,2022-09-07 13:57:16.640
76,2022_08_17_DELETE_TradeEntrySetupPropertyEntityRegister.sql,C:\workspace\gravitate\Gravitate.Growmark\SQL\UpgradeScripts\V6_0\2022_08_17_DELETE_TradeEntrySetupPropertyEntityRegister.sql,2022-09-07 13:57:16.787
77,2022_08_23_sd_CodeValue_CodeSet_Data.sql,C:\workspace\gravitate\Gravitate.Growmark\SQL\UpgradeScripts\V6_0\2022_08_23_sd_CodeValue_CodeSet_Data.sql,2022-09-07 13:57:17.590
78,2022_08_25_ALTER_MarketPlatformInstrumentSubtype_ADD_COLUMN_AllowBid.sql,C:\workspace\gravitate\Gravitate.Growmark\SQL\UpgradeScripts\V6_0\2022_08_25_ALTER_MarketPlatformInstrumentSubtype_ADD_COLUMN_AllowBid.sql,2022-09-07 13:57:17.743
79,2022_08_25_ALTER_MarketPlatformInstrumentSubtype_ADD_COLUMN_AllowMarket.sql,C:\workspace\gravitate\Gravitate.Growmark\SQL\UpgradeScripts\V6_0\2022_08_25_ALTER_MarketPlatformInstrumentSubtype_ADD_COLUMN_AllowMarket.sql,2022-09-07 13:57:17.900
80,2022_08_26_UPDATE_MarketPlatformInstrumentSubtype_AllowBid_And_AllowMarket.sql,C:\workspace\gravitate\Gravitate.Growmark\SQL\UpgradeScripts\V6_0\2022_08_26_UPDATE_MarketPlatformInstrumentSubtype_AllowBid_And_AllowMarket.sql,2022-09-07 13:57:18.053
81,2022_09_07_Remove_Invalid_Subtypes.sql,C:\workspace\gravitate\Gravitate.Growmark\SQL\UpgradeScripts\V6_0\2022_09_07_Remove_Invalid_Subtypes.sql,2022-09-07 13:57:18.180
82,2022_09_08_12_sd_SeedInitialDashboardWidgets.sql,C:\workspace\gravitate\Gravitate.Growmark\SQL\UpgradeScripts\V6_0\2022_09_08_12_sd_SeedInitialDashboardWidgets.sql,2022-09-09 09:54:33.790
83,2022_09_13_ALTER_PriceComponentDetail_ADD_COLUMN_IsCostComponent.sql,C:\workspace\gravitate\Gravitate.Growmark\SQL\UpgradeScripts\V6_0\2022_09_13_ALTER_PriceComponentDetail_ADD_COLUMN_IsCostComponent.sql,2022-09-15 14:19:22.800
84,2022_09_15_ALTER_Credential_ADD_COLUMN_TermsAndConditionsAcceptedDateTime.sql,C:\workspace\gravitate\Gravitate.Growmark\SQL\UpgradeScripts\V6_0\2022_09_15_ALTER_Credential_ADD_COLUMN_TermsAndConditionsAcceptedDateTime.sql,2022-09-15 14:19:22.990
85,2022_09_16_0_UpdateForeignKeyReferenceValues.sql,C:\workspace\gravitate\Gravitate.Growmark\SQL\UpgradeScripts\V6_0\2022_09_16_0_UpdateForeignKeyReferenceValues.sql,2022-09-23 12:49:07.137
86,2022_09_16_1_sd_Roles_Data.sql,C:\workspace\gravitate\Gravitate.Growmark\SQL\UpgradeScripts\V6_0\2022_09_16_1_sd_Roles_Data.sql,2022-09-23 12:49:08.510
87,2022_09_16_ALTER_TradeEntry_ADD_COLUMN_IsHedged.sql,C:\workspace\gravitate\Gravitate.Growmark\SQL\UpgradeScripts\V6_0\2022_09_16_ALTER_TradeEntry_ADD_COLUMN_IsHedged.sql,2022-09-23 12:49:08.827
88,2022_09_23_sd_SeedInitialDashboardWidgets.sql,C:\workspace\gravitate\Gravitate.Growmark\SQL\UpgradeScripts\V6_0\2022_09_23_sd_SeedInitialDashboardWidgets.sql,2022-09-23 15:25:56.287
89,2022_10_06_sd_Menu_Data.sql,C:\workspace\gravitate\Gravitate.Growmark\SQL\UpgradeScripts\V6_0\2022_10_06_sd_Menu_Data.sql,2022-10-06 13:10:07.783
90,2022_09_26_Add_Internal_Role_To_ExternalCounterPartyDropdown_OnlineOrders.sql,C:\workspace\gravitate\Gravitate.Growmark\SQL\UpgradeScripts\V6_0\2022_09_26_Add_Internal_Role_To_ExternalCounterPartyDropdown_OnlineOrders.sql,2022-10-11 09:42:06.630
91,2022_10_14_ALTER_TradeEntrySetup_ADD_COLUMN_InternalEntryOnly.sql,C:\Workspace\Gravitate\Gravitate.Growmark\SQL\UpgradeScripts\V6_0\2022_10_14_ALTER_TradeEntrySetup_ADD_COLUMN_InternalEntryOnly.sql,2022-11-08 17:28:15.787
92,2022_10_19_Add_JDEdwards_To_SourceSystem.sql,C:\Workspace\Gravitate\Gravitate.Growmark\SQL\UpgradeScripts\V6_0\2022_10_19_Add_JDEdwards_To_SourceSystem.sql,2022-11-08 17:28:15.923
93,2022_11_04_Add_CBS_To_SourceSystem.sql,C:\Workspace\Gravitate\Gravitate.Growmark\SQL\UpgradeScripts\V6_0\2022_11_04_Add_CBS_To_SourceSystem.sql,2022-11-08 17:28:16.057
94,2022_11_08_CREATE_TABLE_TradeEntryDetailLocationAssociation.sql,C:\workspace\Gravitate\Gravitate.Growmark\SQL\UpgradeScripts\V6_0\2022_11_08_CREATE_TABLE_TradeEntryDetailLocationAssociation.sql,2022-11-14 14:02:57.250
95,2022_11_09_sd_SeedInitialDashboardWidgets.sql,C:\workspace\Gravitate\Gravitate.Growmark\SQL\UpgradeScripts\V6_0\2022_11_09_sd_SeedInitialDashboardWidgets.sql,2022-11-14 14:02:57.630
96,2022_11_10_ALTER_BillOfLading_BillOfLadingDetail_ADD_COLUMN_PropertyListId.sql,C:\workspace\Gravitate\Gravitate.Growmark\SQL\UpgradeScripts\V6_0\2022_11_10_ALTER_BillOfLading_BillOfLadingDetail_ADD_COLUMN_PropertyListId.sql,2022-11-14 14:02:57.800
97,2022_11_14_sd_CodeValue_CodeSet_Data.sql,C:\workspace\Gravitate\Gravitate.Growmark\SQL\UpgradeScripts\V6_0\2022_11_14_sd_CodeValue_CodeSet_Data.sql,2022-11-14 14:02:59.580
98,2022_11_18_sd_SeedInitialDashboardWidgets.sql,C:\workspace\Gravitate\Gravitate.Growmark\SQL\UpgradeScripts\V6_0\2022_11_18_sd_SeedInitialDashboardWidgets.sql,2022-11-18 10:35:14.107
99,2022_12_05_AllocationViewerAdmin_1_sd_Roles_Data.sql,C:\workspace\Gravitate\Gravitate.Growmark\SQL\UpgradeScripts\V6_0\2022_12_05_AllocationViewerAdmin_1_sd_Roles_Data.sql,2022-12-29 14:59:38.487
100,2022_12_19_sd_CodeValue_CodeSet_Data.sql,C:\workspace\Gravitate\Gravitate.Growmark\SQL\UpgradeScripts\V6_0\2022_12_19_sd_CodeValue_CodeSet_Data.sql,2022-12-29 14:59:39.320
101,2023_01_03_UPDATE_MenuIItem_BuyNow_Name.sql,C:\Workspace\Gravitate\Gravitate.Growmark\SQL\UpgradeScripts\V6_0\2023_01_03_UPDATE_MenuIItem_BuyNow_Name.sql,2023-01-03 08:55:33.570
102,2023_01_03_sd_Menu_Data.sql,C:\Workspace\Gravitate\Gravitate.Growmark\SQL\UpgradeScripts\V6_0\2023_01_03_sd_Menu_Data.sql,2023-01-03 13:25:38.557
103,2022_12_13_ALTER_TradeEntryDetail_ADD_COLUMN_TradeEntrySetupId.sql,C:\Workspace\Gravitate\Gravitate.Growmark\SQL\UpgradeScripts\V6_0\2022_12_13_ALTER_TradeEntryDetail_ADD_COLUMN_TradeEntrySetupId.sql,2023-03-06 14:44:51.400
104,2022_12_25_UPDATE_TradeEntryDetail_SET_TradeEntrySetupId.sql,C:\Workspace\Gravitate\Gravitate.Growmark\SQL\UpgradeScripts\V6_0\2022_12_25_UPDATE_TradeEntryDetail_SET_TradeEntrySetupId.sql,2023-03-06 14:44:51.560
105,2022_12_14_CREATE_TABLE_DeliveryPeriodGroup_ALTER_Fk_Tables.sql,C:\Workspace\Gravitate\Gravitate.Growmark\SQL\UpgradeScripts\V6_2\2022_12_14_CREATE_TABLE_DeliveryPeriodGroup_ALTER_Fk_Tables.sql,2023-03-06 14:44:51.790
106,2022_12_29_vPriceInstrumentRelations.sql,C:\Workspace\Gravitate\Gravitate.Growmark\SQL\UpgradeScripts\V6_2\2022_12_29_vPriceInstrumentRelations.sql,2023-03-06 14:44:52.017
107,2023_01_09_ALTER_TABLE_MarketPlatformLocationConfiguration_ADD_NetOrGrossCvId.sql,C:\Workspace\Gravitate\Gravitate.Growmark\SQL\UpgradeScripts\V6_2\2023_01_09_ALTER_TABLE_MarketPlatformLocationConfiguration_ADD_NetOrGrossCvId.sql,2023-03-06 14:44:52.183
108,2023_01_23_vTradeEntryRelations.sql,C:\Workspace\Gravitate\Gravitate.Growmark\SQL\UpgradeScripts\V6_2\2023_01_23_vTradeEntryRelations.sql,2023-03-06 14:44:52.360
109,2023_01_26_vTradeEntryRelations.sql,C:\Workspace\Gravitate\Gravitate.Growmark\SQL\UpgradeScripts\V6_2\2023_01_26_vTradeEntryRelations.sql,2023-03-06 14:44:52.530
110,2023_04_06_sd_Menu_Data.sql,C:\workspace\gravitate\Gravitate.Growmark\SQL\UpgradeScripts\V6_2\2023_04_06_sd_Menu_Data.sql,2023-05-03 13:31:57.790
111,2023_04_10_Calendar_PropaneMarketPlatformHours.sql,C:\workspace\gravitate\Gravitate.Growmark\SQL\UpgradeScripts\V6_2\2023_04_10_Calendar_PropaneMarketPlatformHours.sql,2023-05-03 13:31:57.950
112,2023_05_03_sd_Menu_Data.sql,C:\workspace\gravitate\Gravitate.Growmark\SQL\UpgradeScripts\V6_2\2023_05_03_sd_Menu_Data.sql,2023-05-03 13:31:58.320
113,2023_01_05_1_CREATE_TABLE_PriceArchive.sql,C:\Workspace\Gravitate\Gravitate.Growmark\SQL\UpgradeScripts\V6_3\2023_01_05_1_CREATE_TABLE_PriceArchive.sql,2023-05-16 08:53:26.420
114,2023_01_05_2_CREATE_PROC_usp_purge_and_archive_prices.sql,C:\Workspace\Gravitate\Gravitate.Growmark\SQL\UpgradeScripts\V6_3\2023_01_05_2_CREATE_PROC_usp_purge_and_archive_prices.sql,2023-05-16 08:53:26.633
115,2023_01_05_2_CREATE_PROC_usp_purge_quoted_values_and_notifications.sql,C:\Workspace\Gravitate\Gravitate.Growmark\SQL\UpgradeScripts\V6_3\2023_01_05_2_CREATE_PROC_usp_purge_quoted_values_and_notifications.sql,2023-05-16 08:53:26.820
116,2023_01_05_3_DROP_PROC_Purge_Prices.sql,C:\Workspace\Gravitate\Gravitate.Growmark\SQL\UpgradeScripts\V6_3\2023_01_05_3_DROP_PROC_Purge_Prices.sql,2023-05-16 08:53:26.963
117,2023_02_09_ALTER_TABLE_PriceInstrument_Add_DerivedPriceInstrumentId.sql,C:\Workspace\Gravitate\Gravitate.Growmark\SQL\UpgradeScripts\V6_3\2023_02_09_ALTER_TABLE_PriceInstrument_Add_DerivedPriceInstrumentId.sql,2023-05-16 08:53:27.150
118,2023_02_16_DROP_VIEW_vPriceInstrumentRelations.sql,C:\Workspace\Gravitate\Gravitate.Growmark\SQL\UpgradeScripts\V6_3\2023_02_16_DROP_VIEW_vPriceInstrumentRelations.sql,2023-05-16 08:53:27.357
119,2023_03_09_Add_UOM_Conversion_Override_And_Conversion_Factor.sql,C:\Workspace\Gravitate\Gravitate.Growmark\SQL\UpgradeScripts\V6_3\2023_03_09_Add_UOM_Conversion_Override_And_Conversion_Factor.sql,2023-05-16 08:53:27.573
120,2023_03_28_Remove_UOM_Conversion_Factor.sql,C:\Workspace\Gravitate\Gravitate.Growmark\SQL\UpgradeScripts\V6_3\2023_03_28_Remove_UOM_Conversion_Factor.sql,2023-05-16 08:53:28.083
121,2023_04_06_1_Alter_VTradeDetail_Quantity_Column_Refactor.sql,C:\Workspace\Gravitate\Gravitate.Growmark\SQL\UpgradeScripts\V6_3\2023_04_06_1_Alter_VTradeDetail_Quantity_Column_Refactor.sql,2023-05-16 08:53:28.327
122,2023_04_06_2_ALTER_VTrade_Quantity_Column_Refactor.sql,C:\Workspace\Gravitate\Gravitate.Growmark\SQL\UpgradeScripts\V6_3\2023_04_06_2_ALTER_VTrade_Quantity_Column_Refactor.sql,2023-05-16 08:53:28.550
123,2023_04_06_AllocationImportLineItem_IX_ImportedDateTime.sql,C:\Workspace\Gravitate\Gravitate.Growmark\SQL\UpgradeScripts\V6_3\2023_04_06_AllocationImportLineItem_IX_ImportedDateTime.sql,2023-05-16 08:53:28.687
124,2023_04_11_0_ADD_VIEW_vUOMConversions.sql,C:\Workspace\Gravitate\Gravitate.Growmark\SQL\UpgradeScripts\V6_3\2023_04_11_0_ADD_VIEW_vUOMConversions.sql,2023-05-16 08:53:28.867
125,2023_04_11_1_Alter_VTradeDetail_Quantity_Column_Refactor.sql,C:\Workspace\Gravitate\Gravitate.Growmark\SQL\UpgradeScripts\V6_3\2023_04_11_1_Alter_VTradeDetail_Quantity_Column_Refactor.sql,2023-05-16 08:53:29.180
126,2023_04_11_2_ALTER_VTrade_Quantity_Column_Refactor.sql,C:\Workspace\Gravitate\Gravitate.Growmark\SQL\UpgradeScripts\V6_3\2023_04_11_2_ALTER_VTrade_Quantity_Column_Refactor.sql,2023-05-16 08:53:29.387
127,2023_04_11_3_VALIDATE_VTrade_UOM_Conversions.sql,C:\Workspace\Gravitate\Gravitate.Growmark\SQL\UpgradeScripts\V6_3\2023_04_11_3_VALIDATE_VTrade_UOM_Conversions.sql,2023-05-16 08:53:29.717
128,2023_05_01_sd_Roles_Data_NEW_ROLE_ReadOnlyPurchaser.sql,C:\Workspace\Gravitate\Gravitate.Growmark\SQL\UpgradeScripts\V6_4\2023_05_01_sd_Roles_Data_NEW_ROLE_ReadOnlyPurchaser.sql,2023-05-16 08:53:31.853
129,2023_05_01_Roles_Data_NEW_ROLE_ReadOnlyPurchaser.sql,C:\workspace\gravitate\Gravitate.Growmark\SQL\UpgradeScripts\V6_4\2023_05_01_Roles_Data_NEW_ROLE_ReadOnlyPurchaser.sql,2023-05-24 13:27:55.243
130,2023_05_19_sd_Menu_Data.sql,C:\workspace\gravitate\Gravitate.Growmark\SQL\UpgradeScripts\V6_4\2023_05_19_sd_Menu_Data.sql,2023-05-24 13:27:56.177
131,2023_04_12_ALTER_Payment_PaymentApplied.sql,C:\workspace\gravitate\Gravitate.Growmark\SQL\UpgradeScripts\V6_5\2023_04_12_ALTER_Payment_PaymentApplied.sql,2023-05-24 13:27:56.537
132,2023_04_13_ALTER_Payment_IsActive_Not_Nullable.sql,C:\workspace\gravitate\Gravitate.Growmark\SQL\UpgradeScripts\V6_5\2023_04_13_ALTER_Payment_IsActive_Not_Nullable.sql,2023-05-24 13:27:56.747
133,2023_04_14_ALTER_LoadingNumber_ADD_COLUMN_ExternalRefrenceNumber.sql,C:\workspace\gravitate\Gravitate.Growmark\SQL\UpgradeScripts\V6_5\2023_04_14_ALTER_LoadingNumber_ADD_COLUMN_ExternalRefrenceNumber.sql,2023-05-24 13:27:56.967
134,2023_04_14_ALTER_LoadingNumber_ADD_COLUMN_PropertyListId.sql,C:\workspace\gravitate\Gravitate.Growmark\SQL\UpgradeScripts\V6_5\2023_04_14_ALTER_LoadingNumber_ADD_COLUMN_PropertyListId.sql,2023-05-24 13:27:57.210
135,2023_04_26_ALTER_TABLE_TradeEntryDetail_ADD_COLUMN_PricePeriodStartOffset.sql,C:\workspace\gravitate\Gravitate.Growmark\SQL\UpgradeScripts\V6_5\2023_04_26_ALTER_TABLE_TradeEntryDetail_ADD_COLUMN_PricePeriodStartOffset.sql,2023-05-24 13:27:57.517
136,2023_04_26_sd_PricePeriodStartOffset_Collection_Data.sql,C:\workspace\gravitate\Gravitate.Growmark\SQL\UpgradeScripts\V6_5\2023_04_26_sd_PricePeriodStartOffset_Collection_Data.sql,2023-05-24 13:27:57.737
137,2023_05_16_Roles_Data_NEW_ROLE_OrderAdmin.sql,C:\workspace\gravitate\Gravitate.Growmark\SQL\UpgradeScripts\V6_5\2023_05_16_Roles_Data_NEW_ROLE_OrderAdmin.sql,2023-05-24 13:27:57.950
138,2023_05_17_CodeValue_Unique_Index_Meaning_CodeSetId.sql,C:\workspace\gravitate\Gravitate.Growmark\SQL\UpgradeScripts\V6_6\2023_05_17_CodeValue_Unique_Index_Meaning_CodeSetId.sql,2023-05-24 13:27:58.130
139,2023_06_20_sd_CodeValue_CodeSet_Data.sql,C:\Workspace\Gravitate\Gravitate.Growmark\SQL\UpgradeScripts\V6_3\2023_06_20_sd_CodeValue_CodeSet_Data.sql,2023-08-11 10:13:50.620
140,2023_05_24_sd_Menu_Data.sql,C:\Workspace\Gravitate\Gravitate.Growmark\SQL\UpgradeScripts\V6_4\2023_05_24_sd_Menu_Data.sql,2023-08-11 10:13:51.027
141,2023_05_25_sd_Menu_Data.sql,C:\Workspace\Gravitate\Gravitate.Growmark\SQL\UpgradeScripts\V6_4\2023_05_25_sd_Menu_Data.sql,2023-08-11 10:13:51.467
142,2023_05_24_Update_CurvePointPrice_Value_Precision.sql,C:\Workspace\Gravitate\Gravitate.Growmark\SQL\UpgradeScripts\V6_6\2023_05_24_Update_CurvePointPrice_Value_Precision.sql,2023-08-11 10:13:51.790
143,2023_05_26_18_sd_default_TradePriceValuationRules.sql,C:\Workspace\Gravitate\Gravitate.Growmark\SQL\UpgradeScripts\V6_6\2023_05_26_18_sd_default_TradePriceValuationRules.sql,2023-08-11 10:13:52.730
144,2023_06_01_1_CREATE_TABLE_DeliveryPeriodGroupAssociation.sql,C:\Workspace\Gravitate\Gravitate.Growmark\SQL\UpgradeScripts\V6_6\2023_06_01_1_CREATE_TABLE_DeliveryPeriodGroupAssociation.sql,2023-08-11 10:13:52.300
145,2023_06_01_2_MIGRATION_DeliveryPeriodGroupAssociation.sql,C:\Workspace\Gravitate\Gravitate.Growmark\SQL\UpgradeScripts\V6_6\2023_06_01_2_MIGRATION_DeliveryPeriodGroupAssociation.sql,2023-08-11 10:13:52.577
146,2023_06_09_18_sd_default_TradePriceValuationRules.sql,C:\Workspace\Gravitate\Gravitate.Growmark\SQL\UpgradeScripts\V6_7\2023_06_09_18_sd_default_TradePriceValuationRules.sql,2023-08-11 10:13:52.893
147,2023_05_26_ADD_COLUMN_AllowVolumeEdits_MarketPlatformInstrumentSubtype.sql,C:\Workspace\Gravitate\Gravitate.Growmark\SQL\UpgradeScripts\V6_8\2023_05_26_ADD_COLUMN_AllowVolumeEdits_MarketPlatformInstrumentSubtype.sql,2023-08-11 10:13:53.057
148,2023_08_14_Roles_Data_NEW_ROLE_MemberPropane.sql,C:\Workspace\Gravitate\Gravitate.Growmark\SQL\UpgradeScripts\V6_8\2023_08_14_Roles_Data_NEW_ROLE_MemberPropane.sql,2023-08-17 09:55:25.630
149,2023_08_14_Roles_Data_NEW_ROLE_NonMemberPropane.sql,C:\Workspace\Gravitate\Gravitate.Growmark\SQL\UpgradeScripts\V6_8\2023_08_14_Roles_Data_NEW_ROLE_NonMemberPropane.sql,2023-08-17 09:55:26.123
150,2023_08_17_sd_MarketPlatformInstrumentRole.sql,C:\Workspace\Gravitate\Gravitate.Growmark\SQL\UpgradeScripts\V6_8\2023_08_17_sd_MarketPlatformInstrumentRole.sql,2023-08-17 09:55:27.197
151,2023_08_17_sd_MarketPlatformInstruments.sql,C:\Workspace\Gravitate\Gravitate.Growmark\SQL\UpgradeScripts\V6_8\2023_08_17_sd_MarketPlatformInstruments.sql,2023-08-17 09:55:28.133
152,add_sp_foreach.sql,./sql/Upgrade/Automated/V00_00/add_sp_foreach.sql,2023-08-18 10:13:48.440
153,2022_07_15_CREATE_TABLE_DistributedCache.sql,./sql/Upgrade/Automated/V10_00/2022_07_15_CREATE_TABLE_DistributedCache.sql,2023-08-18 10:13:48.470
154,2022_07_15_DROP_QRTZ_TABLES.sql,./sql/Upgrade/Automated/V10_00/2022_07_15_DROP_QRTZ_TABLES.sql,2023-08-18 10:13:48.653
155,2022_07_15_DROP_Unused_Tables.sql,./sql/Upgrade/Automated/V10_00/2022_07_15_DROP_Unused_Tables.sql,2023-08-18 10:13:48.737
156,2023_01_15_ALTER_TABLE_TradeEntryPrice_ADD_COLUMN_CalculatedValueId.sql,./sql/Upgrade/Automated/V10_00/2023_01_15_ALTER_TABLE_TradeEntryPrice_ADD_COLUMN_CalculatedValueId.sql,2023-08-18 10:13:48.763
157,2023_01_18_ALTER_TABLE_QuoteConfigurationMapping_Add_Target_Adjustment_PriceInstrumentIds.sql,./sql/Upgrade/Automated/V10_00/2023_01_18_ALTER_TABLE_QuoteConfigurationMapping_Add_Target_Adjustment_PriceInstrumentIds.sql,2023-08-18 10:13:48.790
158,2023_01_19_ALTER_Table_QuoteConfigurationMapping_ProductId_LocationId__QuoteConfigId_NotNullable.sql,./sql/Upgrade/Automated/V10_00/2023_01_19_ALTER_Table_QuoteConfigurationMapping_ProductId_LocationId__QuoteConfigId_NotNullable.sql,2023-08-18 10:13:48.853
159,2023_01_19_ALTER_Table_QuoteConfiguration_HasGeneratedMappings_NotNullable.sql,./sql/Upgrade/Automated/V10_00/2023_01_19_ALTER_Table_QuoteConfiguration_HasGeneratedMappings_NotNullable.sql,2023-08-18 10:13:48.893
160,2023_01_23_ALTER_TABLES_TradeEntry_TradeEntryDetail_TradeEntryPrice_TradeEntryQuantity_ADD_IsActive.sql,./sql/Upgrade/Automated/V10_00/2023_01_23_ALTER_TABLES_TradeEntry_TradeEntryDetail_TradeEntryPrice_TradeEntryQuantity_ADD_IsActive.sql,2023-08-18 10:13:49.057
161,2023_01_25_1_ALTER_TABLE_TradePriceValuationRule_ADD_COLUMN_Implementation.sql,./sql/Upgrade/Automated/V10_00/2023_01_25_1_ALTER_TABLE_TradePriceValuationRule_ADD_COLUMN_Implementation.sql,2023-08-18 10:13:49.070
162,2023_01_25_2_SeedTradePriceValuationRulesWithImplementations.sql,./sql/Upgrade/Automated/V10_00/2023_01_25_2_SeedTradePriceValuationRulesWithImplementations.sql,2023-08-18 10:13:49.103
163,2023_01_30_1_delete_invalid_trade_entry_price_components.sql,./sql/Upgrade/Automated/V10_00/2023_01_30_1_delete_invalid_trade_entry_price_components.sql,2023-08-18 10:13:49.210
164,2023_01_31_ALTER_TABLE_PricePublisher_ADD_COLUMN_PriceIntegrationConfigurationCvId.sql,./sql/Upgrade/Automated/V10_00/2023_01_31_ALTER_TABLE_PricePublisher_ADD_COLUMN_PriceIntegrationConfigurationCvId.sql,2023-08-18 10:13:49.237
165,2023_01_31_sd_CodeValue_CodeSet_Data.sql,./sql/Upgrade/Automated/V10_00/2023_01_31_sd_CodeValue_CodeSet_Data.sql,2023-08-18 10:13:50.027
166,2023_02_01_Enable_READ_COMMITTED_SNAPSHOT.notran.sql,./sql/Upgrade/Automated/V10_00/2023_02_01_Enable_READ_COMMITTED_SNAPSHOT.notran.sql,2023-08-18 10:13:52.030
167,2023_02_06_Update_Buildup_Publisher_Types.sql,./sql/Upgrade/Automated/V10_00/2023_02_06_Update_Buildup_Publisher_Types.sql,2023-08-18 10:13:52.173
168,2023_02_13_ALTER_TABLE_TradePriceType_ADD_COLUMN_NumberOfFormulas.sql,./sql/Upgrade/Automated/V10_00/2023_02_13_ALTER_TABLE_TradePriceType_ADD_COLUMN_NumberOfFormulas.sql,2023-08-18 10:13:52.197
169,2023_02_17_ALTER_TABLE_CalculatedValueVariable_Result_ADD_COLUMN_Percent_Differential.sql,./sql/Upgrade/Automated/V10_00/2023_02_17_ALTER_TABLE_CalculatedValueVariable_Result_ADD_COLUMN_Percent_Differential.sql,2023-08-18 10:13:52.227
170,2023_02_24_sd_CodeValue_CodeSet_Data.sql,./sql/Upgrade/Automated/V10_00/2023_02_24_sd_CodeValue_CodeSet_Data.sql,2023-08-18 10:13:53.097
171,2023_03_15_18_default_TradePriceValuationRules.sql,./sql/Upgrade/Automated/V10_00/2023_03_15_18_default_TradePriceValuationRules.sql,2023-08-18 10:13:53.173
172,2023_03_15_SeedTradePriceValuationRulesWithImplementations.sql,./sql/Upgrade/Automated/V10_00/2023_03_15_SeedTradePriceValuationRulesWithImplementations.sql,2023-08-18 10:13:53.193
173,2023_03_16_migrate_trade_entry_prices_to_calculated_values.sql,./sql/Upgrade/Automated/V10_00/2023_03_16_migrate_trade_entry_prices_to_calculated_values.sql,2023-08-18 10:13:53.263
174,2023_04_25_Set_Default_PriceIntegrationConfigurationType.sql,./sql/Upgrade/Automated/V10_00/2023_04_25_Set_Default_PriceIntegrationConfigurationType.sql,2023-08-18 10:13:53.330
175,2023_05_12_1_Set_Or_Match_Quote_Configuration_Mapping_Instruments.sql,./sql/Upgrade/Automated/V10_00/2023_05_12_1_Set_Or_Match_Quote_Configuration_Mapping_Instruments.sql,2023-08-18 10:13:53.363
176,2023_05_12_2_Make_Quote_Configuration_Mapping_Instruments_Not_Nullable.sql,./sql/Upgrade/Automated/V10_00/2023_05_12_2_Make_Quote_Configuration_Mapping_Instruments_Not_Nullable.sql,2023-08-18 10:13:53.430
177,2023_05_15_Set_DB_Compatibility_Level_2019.notran.sql,./sql/Upgrade/Automated/V10_00/2023_05_15_Set_DB_Compatibility_Level_2019.notran.sql,2023-08-18 10:13:53.477
178,2023_06_01_2_SeedTradePriceValuationRulesWithImplementations.sql,./sql/Upgrade/Automated/V10_00/2023_06_01_2_SeedTradePriceValuationRulesWithImplementations.sql,2023-08-18 10:13:53.550
179,2023_06_16_UX_PriceConfiguration_Product_Location_Instrument.sql,./sql/Upgrade/Automated/V10_00/2023_06_16_UX_PriceConfiguration_Product_Location_Instrument.sql,2023-08-18 10:13:53.633
180,2023_06_19_PriceConfigurationDetail_IsRequired_NotNullable.sql,./sql/Upgrade/Automated/V10_00/2023_06_19_PriceConfigurationDetail_IsRequired_NotNullable.sql,2023-08-18 10:13:53.677
181,2023_06_19_PriceConfigurationDetail_PriceConfigurationTradeDateRuleCvId_NotNullable.sql,./sql/Upgrade/Automated/V10_00/2023_06_19_PriceConfigurationDetail_PriceConfigurationTradeDateRuleCvId_NotNullable.sql,2023-08-18 10:13:53.707
182,2023_06_19_PriceConfigurationDetail_PricePublisherId_NotNullable.sql,./sql/Upgrade/Automated/V10_00/2023_06_19_PriceConfigurationDetail_PricePublisherId_NotNullable.sql,2023-08-18 10:13:53.790
183,2023_07_17_ALTER_LOCATION_COUNTRY_CODE_NULLABLE.sql,./sql/Upgrade/Automated/V10_00/2023_07_17_ALTER_LOCATION_COUNTRY_CODE_NULLABLE.sql,2023-08-18 10:13:53.820
184,2023_07_18_2_sd_Menu_Data.sql,./sql/Upgrade/Automated/V10_00/2023_07_18_2_sd_Menu_Data.sql,2023-08-18 10:13:54.040
185,2023_08_01_2_sd_Menu_Data.sql,./sql/Upgrade/Automated/V10_00/2023_08_01_2_sd_Menu_Data.sql,2023-08-18 10:13:54.163
186,2023_08_02_UpdatePriceFileTranslationNames.sql,./sql/Upgrade/Automated/V10_00/2023_08_02_UpdatePriceFileTranslationNames.sql,2023-08-18 10:13:54.190
187,2023_08_08_CalendarPeriodsIndex.sql,./sql/Upgrade/Automated/V10_00/2023_08_08_CalendarPeriodsIndex.sql,2023-08-18 10:13:54.223
188,2023_08_09_sd_Menu_Data.sql,./sql/Upgrade/Automated/V10_00/2023_08_09_sd_Menu_Data.sql,2023-08-18 10:13:54.363
189,2023_08_14_sd_Menu_Data.sql,./sql/Upgrade/Automated/V10_00/2023_08_14_sd_Menu_Data.sql,2023-08-18 10:13:54.500
190,2023_08_16_1_AddCalculatedValueReferenceDataMapping.sql,./sql/Upgrade/Automated/V10_00/2023_08_16_1_AddCalculatedValueReferenceDataMapping.sql,2023-08-18 10:13:54.547
191,2023_08_16_2_CalculatedValue_Add_Column_CalculatedPriceConfigurationLookupId.sql,./sql/Upgrade/Automated/V10_00/2023_08_16_2_CalculatedValue_Add_Column_CalculatedPriceConfigurationLookupId.sql,2023-08-18 10:13:54.573
192,2023_08_16_4_MigrateCalculatedValueReferenceData.sql,./sql/Upgrade/Automated/V10_00/2023_08_16_4_MigrateCalculatedValueReferenceData.sql,2023-08-18 10:13:54.730
193,2023_08_16_5_AddUniqueRefDataConstraintToRefDataMapping.sql,./sql/Upgrade/Automated/V10_00/2023_08_16_5_AddUniqueRefDataConstraintToRefDataMapping.sql,2023-08-18 10:13:54.747
194,2023_08_18_sd_Menu_Data.sql,./sql/Upgrade/Automated/V10_00/2023_08_18_sd_Menu_Data.sql,2023-08-24 17:20:10.373
195,2023_08_21_Rename_CalculatedPriceConfigurationLookup_CalculatedValueReferenceDataMapping.sql,./sql/Upgrade/Automated/V10_00/2023_08_21_Rename_CalculatedPriceConfigurationLookup_CalculatedValueReferenceDataMapping.sql,2023-08-24 17:20:12.417
196,2023_08_22_Calculated_Value_IsActive.sql,./sql/Upgrade/Automated/V10_00/2023_08_22_Calculated_Value_IsActive.sql,2023-08-24 17:20:12.823
197,2023_08_25_Marker_Name_Not_Nullable.sql,./sql/Upgrade/Automated/V10_00/2023_08_25_Marker_Name_Not_Nullable.sql,2023-09-12 16:55:18.490
198,2023_08_28_CalculatedValueDropProductLocationHierarchy.sql,./sql/Upgrade/Automated/V10_00/2023_08_28_CalculatedValueDropProductLocationHierarchy.sql,2023-09-12 16:55:18.503
199,2023_08_28_Set_Default_Price_Integration_Types_On_Publishers.sql,./sql/Upgrade/Automated/V10_00/2023_08_28_Set_Default_Price_Integration_Types_On_Publishers.sql,2023-09-12 16:55:18.540
200,2023_08_29_Rename_Calculated_Value_Tables_Keys_ToFormula.sql,./sql/Upgrade/Automated/V10_00/2023_08_29_Rename_Calculated_Value_Tables_Keys_ToFormula.sql,2023-09-12 16:55:18.863
201,2023_08_31_1_sd_CodeValue_CodeSet_Data.sql,./sql/Upgrade/Automated/V10_00/2023_08_31_1_sd_CodeValue_CodeSet_Data.sql,2023-09-12 16:55:19.617
202,2023_09_06_1_sd_source_systems_and_update_names.sql,./sql/Upgrade/Automated/V10_00/2023_09_06_1_sd_source_systems_and_update_names.sql,2023-09-12 16:55:19.663
203,2023_09_14_formula_applies_to_column_nullability.sql,./sql/Upgrade/Automated/V10_00/2023_09_14_formula_applies_to_column_nullability.sql,2023-09-15 11:06:41.780
204,2023_09_20_sd_Menu_Data.sql,./sql/Upgrade/Automated/V10_00/2023_09_20_sd_Menu_Data.sql,2023-09-25 13:16:47.513
205,2023_09_25_AddPriceFileTranslationIfNotPresent.sql,./sql/Upgrade/Automated/V10_00/2023_09_25_AddPriceFileTranslationIfNotPresent.sql,2023-09-25 13:40:47.593
206,2023_09_26_ProductLocationMapping_AddCounterPartyAndRemoveCounterPartySetting.sql,./sql/Upgrade/Automated/V10_00/2023_09_26_ProductLocationMapping_AddCounterPartyAndRemoveCounterPartySetting.sql,2023-10-05 09:41:05.590
207,2023_09_27_1_sd_CodeValue_CodeSet_Data.sql,./sql/Upgrade/Automated/V10_00/2023_09_27_1_sd_CodeValue_CodeSet_Data.sql,2023-10-05 09:41:06.560
208,2023_09_27_MigrateNullPlmType.sql,./sql/Upgrade/Automated/V10_00/2023_09_27_MigrateNullPlmType.sql,2023-10-05 09:41:06.630
209,2023_10_02_Trade_Entry_Add_Book_Id.sql,./sql/Upgrade/Automated/V10_00/2023_10_02_Trade_Entry_Add_Book_Id.sql,2023-10-05 09:41:06.677
210,2023_10_02_Trade_Entry_Detail_Add_AllocationRanges.sql,./sql/Upgrade/Automated/V10_00/2023_10_02_Trade_Entry_Detail_Add_AllocationRanges.sql,2023-10-05 09:41:06.740
211,2023_10_03_2_sd_Menu_Data.sql,./sql/Upgrade/Automated/V10_00/2023_10_03_2_sd_Menu_Data.sql,2023-10-05 09:41:07.040
212,2023_10_03_sd_Menu_Data.sql,./sql/Upgrade/Automated/V10_00/2023_10_03_sd_Menu_Data.sql,2023-10-05 09:41:07.153
213,2023_10_03_Trade_Entry_Detail_AllocationRanges_Nullable.sql,./sql/Upgrade/Automated/V10_00/2023_10_03_Trade_Entry_Detail_AllocationRanges_Nullable.sql,2023-10-05 09:41:07.200
214,2023_10_05_drop_usp_GenerateRealTimePrice.sql,./sql/Upgrade/Automated/V10_00/2023_10_05_drop_usp_GenerateRealTimePrice.sql,2023-10-06 13:15:43.303
215,2023_10_05_drop_v_rack_prices.sql,./sql/Upgrade/Automated/V10_00/2023_10_05_drop_v_rack_prices.sql,2023-10-06 13:15:43.317
216,2023_10_05_v_EntityAuditProperty.sql,./sql/Upgrade/Automated/V10_00/2023_10_05_v_EntityAuditProperty.sql,2023-10-06 13:15:43.373
217,2023_10_06_PriceInstrument_Add_Exchange_Symbol_Conversion_Factor.sql,./sql/Upgrade/Automated/V10_00/2023_10_06_PriceInstrument_Add_Exchange_Symbol_Conversion_Factor.sql,2023-10-06 14:42:34.927
218,2023_10_06_TradeEntry_UpdatedDateTime.sql,./sql/Upgrade/Automated/V10_00/2023_10_06_TradeEntry_UpdatedDateTime.sql,2023-10-06 16:08:06.180
219,2023_10_10_1_QuotedValueMigration.sql,./sql/Upgrade/Automated/V10_00/2023_10_10_1_QuotedValueMigration.sql,2023-10-12 09:34:15.173
220,2023_10_10_2_QuoteConfigurationMigration.sql,./sql/Upgrade/Automated/V10_00/2023_10_10_2_QuoteConfigurationMigration.sql,2023-10-12 09:34:15.450
221,2023_10_10_3_Fix_MisNamed_Foreign_Key_Constraints.sql,./sql/Upgrade/Automated/V10_00/2023_10_10_3_Fix_MisNamed_Foreign_Key_Constraints.sql,2023-10-12 09:34:19.123
222,2023_10_10_4_CodeValueRenameAndDelete.sql,./sql/Upgrade/Automated/V10_00/2023_10_10_4_CodeValueRenameAndDelete.sql,2023-10-12 09:34:23.043
223,2023_10_10_5_CodeValueDelete.sql,./sql/Upgrade/Automated/V10_00/2023_10_10_5_CodeValueDelete.sql,2023-10-12 09:34:26.060
224,2023_10_10_6_1_sd_CodeValue_CodeSet_Data.sql,./sql/Upgrade/Automated/V10_00/2023_10_10_6_1_sd_CodeValue_CodeSet_Data.sql,2023-10-17 15:54:35.353
225,2023_10_10_7_QuoteConfigurationMappings_CostSourceColumns.sql,./sql/Upgrade/Automated/V10_00/2023_10_10_7_QuoteConfigurationMappings_CostSourceColumns.sql,2023-10-17 15:54:35.400
226,2023_10_10_8_QuoteConfigurationMappings_CostSourceMarkerColumns.sql,./sql/Upgrade/Automated/V10_00/2023_10_10_8_QuoteConfigurationMappings_CostSourceMarkerColumns.sql,2023-10-17 15:54:35.420
227,2023_10_10_9_QuoteConfigurationMappings_CostSourcePriceInstrumentColumns.sql,./sql/Upgrade/Automated/V10_00/2023_10_10_9_QuoteConfigurationMappings_CostSourcePriceInstrumentColumns.sql,2023-10-17 15:54:35.440
228,2023_08_18_ALTER_TABLE_PriceImportTranslatedIdentifier_ADD_COLUMN_IsUserEntered.sql,./sql/Upgrade/Automated/V06_90/2023_08_18_ALTER_TABLE_PriceImportTranslatedIdentifier_ADD_COLUMN_IsUserEntered.sql,2023-10-17 16:32:08.387
229,2023_10_24_UpdateCalendarNameColumnToVarchar.sql,./sql/Upgrade/Automated/V10_00/2023_10_24_UpdateCalendarNameColumnToVarchar.sql,2023-10-24 17:23:23.920
230,2023_10_09_sd_Menu_Data.sql,./sql/Upgrade/Automated/V10_00/2023_10_09_sd_Menu_Data.sql,2023-10-26 09:56:23.780
231,2023_10_23_MarketPlatformInstrument_ADD_COLUMN_AllowsLoadingNumbers.sql,./sql/Upgrade/Automated/V10_00/2023_10_23_MarketPlatformInstrument_ADD_COLUMN_AllowsLoadingNumbers.sql,2023-10-26 09:56:23.817
232,2023_10_23_sd_Menu_Data.sql,./sql/Upgrade/Automated/V10_00/2023_10_23_sd_Menu_Data.sql,2023-10-31 09:43:36.747
233,2023_10_30_sd_Menu_Data.sql,./sql/Upgrade/Automated/V10_00/2023_10_30_sd_Menu_Data.sql,2023-10-31 09:43:36.887
234,2023_10_27_CleanUpHierarchies.sql,./sql/Upgrade/Automated/V10_00/2023_10_27_CleanUpHierarchies.sql,2023-10-31 13:37:20.413
235,2023_11_01_Set_Contract_Cost_Source_CvId.sql,./sql/Upgrade/Automated/V10_00/2023_11_01_Set_Contract_Cost_Source_CvId.sql,2023-11-01 13:23:20.203
236,2023_11_02_Quote_Configuration_Add_Default_Cost_Source_And_Marker.sql,./sql/Upgrade/Automated/V10_00/2023_11_02_Quote_Configuration_Add_Default_Cost_Source_And_Marker.sql,2023-11-02 13:22:35.457
237,2023_11_03_1_Add_Quote_Strategy.sql,./sql/Upgrade/Automated/V10_00/2023_11_03_1_Add_Quote_Strategy.sql,2023-11-02 13:22:35.590
238,2023_11_03_2_QuoteConfigurationMappingGroupAssociation.sql,./sql/Upgrade/Automated/V10_00/2023_11_03_2_QuoteConfigurationMappingGroupAssociation.sql,2023-11-07 11:31:40.703
239,2023_11_07_QuotedValue_Remove_Alter_Columns.sql,./sql/Upgrade/Automated/V10_00/2023_11_07_QuotedValue_Remove_Alter_Columns.sql,2023-11-07 17:07:39.683
240,2023_11_08_Migrate_Result_Component_To_Decimal.sql,./sql/Upgrade/Automated/V10_00/2023_11_08_Migrate_Result_Component_To_Decimal.sql,2023-11-08 09:50:12.030
241,2023-11-15_Add_IsHidden_To_DataTranslationRule.sql,./sql/Upgrade/Automated/V10_00/2023-11-15_Add_IsHidden_To_DataTranslationRule.sql,2023-11-17 12:23:38.027
242,2023_10_26_sd_Menu_Data.sql,./sql/Upgrade/Automated/V10_00/2023_10_26_sd_Menu_Data.sql,2023-11-20 09:35:43.000
243,2023_11_15_Add_IsHidden_To_DataTranslationRule.sql,./sql/Upgrade/Automated/V10_00/2023_11_15_Add_IsHidden_To_DataTranslationRule.sql,2023-11-20 09:35:43.020
244,2023_11_16_HierarchyDefinition.sql,./sql/Upgrade/Automated/V10_00/2023_11_16_HierarchyDefinition.sql,2023-11-20 09:35:43.097
245,2023_11_17_sd_Menu_Data.sql,./sql/Upgrade/Automated/V10_00/2023_11_17_sd_Menu_Data.sql,2023-11-20 09:35:43.210
246,2023_11_17_Add_Column_BillOfLadingDetail_QuoteConfigurationId.sql,./sql/Upgrade/Automated/V10_00/2023_11_17_Add_Column_BillOfLadingDetail_QuoteConfigurationId.sql,2023-11-27 14:29:46.037
247,2023_11_17_Add_Column_BillOfLadingDetail_TradeEntryId.sql,./sql/Upgrade/Automated/V10_00/2023_11_17_Add_Column_BillOfLadingDetail_TradeEntryId.sql,2023-11-27 14:29:46.063
248,2023_11_20_Add_Column_BillOfLadingDetail_IsIntradayLifting.sql,./sql/Upgrade/Automated/V10_00/2023_11_20_Add_Column_BillOfLadingDetail_IsIntradayLifting.sql,2023-11-27 14:29:46.090
249,2023_11_27_Add_Column_QuoteConfiguration_DefaultPricePeriodStartOffset.sql,./sql/Upgrade/Automated/V10_00/2023_11_27_Add_Column_QuoteConfiguration_DefaultPricePeriodStartOffset.sql,2023-11-29 17:15:50.200
250,2023_11_29_ADD_INDEX_QuotedValue_IX_QuoteConfigurationMappingId.sql,./sql/Upgrade/Automated/V10_00/2023_11_29_ADD_INDEX_QuotedValue_IX_QuoteConfigurationMappingId.sql,2023-11-30 10:03:50.417
251,2023_11_28_Add_QuoteStrategyColumnsToQuotedValue.sql,./sql/Upgrade/Automated/V10_00/2023_11_28_Add_QuoteStrategyColumnsToQuotedValue.sql,2023-12-01 12:15:49.680
252,2023_12_05_ADD_QuotedValue_SpreadParentQuoteConfigurationMappingId.sql,./sql/Upgrade/Automated/V10_00/2023_12_05_ADD_QuotedValue_SpreadParentQuoteConfigurationMappingId.sql,2023-12-06 09:30:53.960
253,2023_12_05_ADD_QuoteConfigurationMapping_NetOrGrossCvId.sql,./sql/Upgrade/Automated/V10_00/2023_12_05_ADD_QuoteConfigurationMapping_NetOrGrossCvId.sql,2023-12-06 12:57:49.533
254,2023_12_06_1_ADD_Quote_Benchmark_Instrument_Columns.sql,./sql/Upgrade/Automated/V10_00/2023_12_06_1_ADD_Quote_Benchmark_Instrument_Columns.sql,2023-12-14 14:18:52.550
255,2023_12_06_2_Create_QuoteConfigurationMapping_Benchmark_Publishers.sql,./sql/Upgrade/Automated/V10_00/2023_12_06_2_Create_QuoteConfigurationMapping_Benchmark_Publishers.sql,2023-12-14 14:18:52.573
256,2023_12_06_3_Create_QuoteConfigurationMapping_Benchmark_Instruments.sql,./sql/Upgrade/Automated/V10_00/2023_12_06_3_Create_QuoteConfigurationMapping_Benchmark_Instruments.sql,2023-12-14 14:18:58.410
257,2023_05_15_Set_DB_Collation.notran.sql,./sql/Upgrade/Automated/V10_00/2023_05_15_Set_DB_Collation.notran.sql,2023-12-15 15:51:59.250
258,2023_12_21_add_tomorrow_minus_2_date_rule.sql,./sql/Upgrade/Automated/V10_00/2023_12_21_add_tomorrow_minus_2_date_rule.sql,2023-12-21 14:22:45.000
259,2023_12_20_1_sd_CodeValue_CodeSet_Data.sql,./sql/Upgrade/Automated/V10_00/2023_12_20_1_sd_CodeValue_CodeSet_Data.sql,2024-01-04 15:32:00.527
260,2023_12_20_2_ADD_QuoteConfiguration_AutomaticQuotePublicationCvId.sql,./sql/Upgrade/Automated/V10_00/2023_12_20_2_ADD_QuoteConfiguration_AutomaticQuotePublicationCvId.sql,2024-01-04 15:32:00.553
261,2024_01_08_ADD_QuoteConfiguration_AutoPublishEstimates.sql,./sql/Upgrade/Automated/V10_00/2024_01_08_ADD_QuoteConfiguration_AutoPublishEstimates.sql,2024-01-15 16:01:58.490
262,2024_01_11_sd_PrimaryHierarchyDefinitions.sql,./sql/Upgrade/Automated/V10_00/2024_01_11_sd_PrimaryHierarchyDefinitions.sql,2024-01-15 16:01:58.510
263,2024_01_19_1_CREATE_TABLE_QUOTE_BENCHMARK.sql,./sql/Upgrade/Automated/V10_00/2024_01_19_1_CREATE_TABLE_QUOTE_BENCHMARK.sql,2024-02-02 14:42:40.787
264,2024_01_19_2_CREATE_TABLE_QuoteConfigurationMappingBenchmark.sql,./sql/Upgrade/Automated/V10_00/2024_01_19_2_CREATE_TABLE_QuoteConfigurationMappingBenchmark.sql,2024-02-02 14:42:40.880
265,2024_01_19_3_QuoteConfigurationMapping_ADD_StrategyQuoteBenchmarkId.sql,./sql/Upgrade/Automated/V10_00/2024_01_19_3_QuoteConfigurationMapping_ADD_StrategyQuoteBenchmarkId.sql,2024-02-02 14:42:41.077
266,2024_01_19_4_Remove_QCM_BenchmarkPriceInstrumentId_Columns.sql,./sql/Upgrade/Automated/V10_00/2024_01_19_4_Remove_QCM_BenchmarkPriceInstrumentId_Columns.sql,2024-02-02 14:42:41.497
267,2024_01_19_5_Clean_DEMO_Benchmark_Price_Publisher_Id.sql,./sql/Upgrade/Automated/V10_00/2024_01_19_5_Clean_DEMO_Benchmark_Price_Publisher_Id.sql,2024-02-02 14:43:56.070
268,2024_01_19_6_Drop_Quote_Strategy_Table.sql,./sql/Upgrade/Automated/V10_00/2024_01_19_6_Drop_Quote_Strategy_Table.sql,2024-02-02 14:43:56.237
269,2024_01_19_7_Add_Quote_Benchmark_Strategy_To_Quoted_Value.sql,./sql/Upgrade/Automated/V10_00/2024_01_19_7_Add_Quote_Benchmark_Strategy_To_Quoted_Value.sql,2024-02-02 14:43:56.393
270,2024_01_19_8_DROP_QuoteStrategyDiff.sql,./sql/Upgrade/Automated/V10_00/2024_01_19_8_DROP_QuoteStrategyDiff.sql,2024-02-02 14:43:56.530
271,2024_01_22_1_sd_CodeValue_CodeSet_Data.sql,./sql/Upgrade/Automated/V10_00/2024_01_22_1_sd_CodeValue_CodeSet_Data.sql,2024-02-02 14:44:03.890
272,2024_01_22_2_NetGrossDefaultTable.sql,./sql/Upgrade/Automated/V10_00/2024_01_22_2_NetGrossDefaultTable.sql,2024-02-02 14:44:03.947
273,2024_01_23_sd_Menu_Data.sql,./sql/Upgrade/Automated/V10_00/2024_01_23_sd_Menu_Data.sql,2024-02-02 14:44:04.033
274,2024_01_26_NetGrossDefaultTable_RENAME_Precedence_Order.sql,./sql/Upgrade/Automated/V10_00/2024_01_26_NetGrossDefaultTable_RENAME_Precedence_Order.sql,2024-02-02 14:44:04.177
275,2024_01_30_CREATE_QuoteCompetitorPriceAssociation.sql,./sql/Upgrade/Automated/V10_00/2024_01_30_CREATE_QuoteCompetitorPriceAssociation.sql,2024-02-02 14:44:04.197
276,2024_02_01_sd_Menu_Data.sql,./sql/Upgrade/Automated/V10_00/2024_02_01_sd_Menu_Data.sql,2024-02-02 14:44:04.273
277,2024_02_02_sd_Menu_Data.sql,./sql/Upgrade/Automated/V10_00/2024_02_02_sd_Menu_Data.sql,2024-02-07 09:37:26.820
278,2024_02_05_1_QuoteConfigurationMapping_AddSecondaryTargetPriceInstrumentId.sql,./sql/Upgrade/Automated/V10_00/2024_02_05_1_QuoteConfigurationMapping_AddSecondaryTargetPriceInstrumentId.sql,2024-02-09 17:09:26.673
279,2024_02_05_2_QuoteConfigurationMapping_AddSecondaryTargetPriceInstrumentData.sql,./sql/Upgrade/Automated/V10_00/2024_02_05_2_QuoteConfigurationMapping_AddSecondaryTargetPriceInstrumentData.sql,2024-02-09 17:09:31.630
280,2024_02_07_QuotedValue_ADD_COLUMN_SecondaryValue.sql,./sql/Upgrade/Automated/V10_00/2024_02_07_QuotedValue_ADD_COLUMN_SecondaryValue.sql,2024-02-09 17:09:31.930
281,2024_02_16_Curve_Point_UpdatedDateTimeAsDateTime.sql,./sql/Upgrade/Automated/V10_00/2024_02_16_Curve_Point_UpdatedDateTimeAsDateTime.sql,2024-02-19 12:13:15.537
282,2024_02_015_PriceImporteTranslatedIdentifier_Ignore_Conflicts.sql,./sql/Upgrade/Automated/V10_00/2024_02_015_PriceImporteTranslatedIdentifier_Ignore_Conflicts.sql,2024-02-28 15:38:52.423
283,2024_02_27_TradeEntry_LastUpdatedByCredentialId.sql,./sql/Upgrade/Automated/V10_00/2024_02_27_TradeEntry_LastUpdatedByCredentialId.sql,2024-02-28 15:38:52.527
284,2024_02_16_1_QuoteConfigurationMapping_CostSourceQuoteConfigurationMappingId.sql,./sql/Upgrade/Automated/V10_00/2024_02_16_1_QuoteConfigurationMapping_CostSourceQuoteConfigurationMappingId.sql,2024-02-28 21:40:51.710
285,2024_02_16_2_IX_CostSourceQuoteConfigurationMappingId.sql,./sql/Upgrade/Automated/V10_00/2024_02_16_2_IX_CostSourceQuoteConfigurationMappingId.sql,2024-02-28 21:40:51.750
286,2024_02_27_CREATE_QuoteConfigurationLink.sql,./sql/Upgrade/Automated/V10_00/2024_02_27_CREATE_QuoteConfigurationLink.sql,2024-02-28 21:40:51.770
287,2024_03_01_1_QuoteConfigurationMapping_AddIntraDayAdjustmentPriceInstrumentId.sql,./sql/Upgrade/Automated/V10_00/2024_03_01_1_QuoteConfigurationMapping_AddIntraDayAdjustmentPriceInstrumentId.sql,2024-03-04 13:20:57.323
288,2024_03_01_2_QuoteConfigurationMapping_AddIntraDayAdjustmentPriceInstrumentData.sql,./sql/Upgrade/Automated/V10_00/2024_03_01_2_QuoteConfigurationMapping_AddIntraDayAdjustmentPriceInstrumentData.sql,2024-03-04 13:21:03.617
289,2024_03_05_DropOrderEntryTable.sql,./sql/Upgrade/Automated/V10_00/2024_03_05_DropOrderEntryTable.sql,2024-03-05 14:08:25.277
290,2024_03_07_1_Drop_Hangfire_Schema.sql,./sql/Upgrade/Automated/V10_00/2024_03_07_1_Drop_Hangfire_Schema.sql,2024-03-11 10:53:56.043
291,2024_03_07_1_sd_CodeValue_CodeSet_Data.sql,./sql/Upgrade/Automated/V10_00/2024_03_07_1_sd_CodeValue_CodeSet_Data.sql,2024-03-11 10:53:56.700
292,2024_03_07_2_Create_Hangfire_Schema.sql,./sql/Upgrade/Automated/V10_00/2024_03_07_2_Create_Hangfire_Schema.sql,2024-03-11 10:53:56.863
293,2024_03_07_CREATE_INDEX_IX_FileImportId_ON_DtnPriceFileImportLineItem.sql,./sql/Upgrade/Automated/V10_00/2024_03_07_CREATE_INDEX_IX_FileImportId_ON_DtnPriceFileImportLineItem.sql,2024-03-11 10:53:57.043
294,2024_03_08_ADD_QuotedValue_TemperatureCorrection.sql,./sql/Upgrade/Automated/V10_00/2024_03_08_ADD_QuotedValue_TemperatureCorrection.sql,2024-03-11 10:53:57.053
295,2024_03_18_ADD_Counterparty_SupplierEODPricePublicationTime.sql,./sql/Upgrade/Automated/V10_00/2024_03_18_ADD_Counterparty_SupplierEODPricePublicationTime.sql,2024-03-21 12:25:28.813
296,2024_03_19_ActivateInactiveCoreCodeValues.sql,./sql/Upgrade/Automated/V10_00/2024_03_19_ActivateInactiveCoreCodeValues.sql,2024-03-21 12:25:29.010
297,2024_03_19_sd_CodeValue_CodeSet_Data.sql,./sql/Upgrade/Automated/V10_00/2024_03_19_sd_CodeValue_CodeSet_Data.sql,2024-03-21 12:25:29.733
